Scheme_Name,Min_CGPA,Min_Skill_Index,Requires_Certification,Requires_Girls,Requires_Engineering,Benefits,Apply_Link,Required_Certifications
NATS Apprenticeship Scheme,7.0,60,No,No,Yes,₹9000-15000 monthly stipend + Apprenticeship Certificate,https://nats.education.gov.in,"basic_computer, communication_skills, general"
PMKVY - Pradhan Mantri Kaushal Vikas Yojana,0.0,50,No,No,No,Free skill development training + Certification,https://www.pmkvyofficial.org,"basic_computer, communication_skills, general"
Digital India Internship,0.0,65,Yes,No,No,Paid internship under MeitY with certificates,https://www.meity.gov.in/internship,"ai, data_models, deep_learning, ml, neural_networks, numpy, pandas, python, scikit_learn"
AICTE Pragati Scholarship,7.0,0,No,Yes,No,"₹50,000 scholarship per year for girl students",https://www.aicte-pragati-saksham-gov.in,"basic_computer, communication_skills, general"
AICTE Saksham Scholarship,6.0,0,No,No,No,Scholarship for specially-abled students,https://www.aicte-pragati-saksham-gov.in,"basic_computer, communication_skills, general"
NSDC Skill India Program,0.0,45,No,No,No,Free/low-cost vocational training courses,https://www.skillindia.gov.in,"basic_computer, communication_skills, general"
PM Internship Program,7.0,70,Yes,No,No,Real-world project internship under PM's mission,https://internship.mygov.in,"basic_computer, communication_skills, general"
PM Research Fellowship (PMRF),8.5,85,Yes,No,Yes,"Full PhD funding + ₹70,000 monthly stipend",https://www.pmrf.in,"basic_computer, communication_skills, general"
AICTE Internship Portal,0.0,60,Yes,No,Yes,Industry internships for engineering students,https://internship.aicte-india.org,"basic_computer, communication_skills, general"
NPTEL Online Certification Support,0.0,0,No,No,No,Fee waivers for NPTEL exams,https://nptel.ac.in,"basic_computer, communication_skills, general"
ISRO IIST Internship Program,8.0,80,Yes,No,Yes,Internship at ISRO/IIST with research exposure,https://www.iist.ac.in,"astro, space"
DRDO Research Internship,7.5,75,Yes,No,Yes,Paid internship at DRDO laboratories,https://drdo.gov.in,"cyber, ethical_hacking, forensics, hacking, network_security, security"
BARC Training School,8.0,80,Yes,No,Yes,High-level scientific training with stipend,http://www.barc.gov.in,"basic_computer, communication_skills, general"
NPCIL Engineering Trainee Program,7.0,70,No,No,Yes,Job + training for nuclear engineering,https://npcilcareers.co.in,"basic_computer, communication_skills, general"
IGNITE Student Innovation Program,0.0,50,No,No,No,Funding for student innovation projects,https://www.innovation.gov.in,"basic_computer, communication_skills, general"
DST INSPIRE Scholarship,7.0,60,No,No,No,"₹80,000 per year for science students",http://www.online-inspire.gov.in,"basic_computer, communication_skills, general"
Women in Science & Technology Scheme,0.0,50,No,Yes,No,Skill training for women in tech fields,https://dst.gov.in,"basic_computer, communication_skills, general"
AI for Youth (Govt + Intel),0.0,40,No,No,No,Free AI/ML courses and workshops,https://aim.gov.in,"basic_computer, communication_skills, general"
Startup India Student Grant,0.0,0,No,No,No,Funding for student startups,https://www.startupindia.gov.in,"basic_computer, communication_skills, general"
PSA Fellowship Program,7.0,65,No,No,Yes,Paid fellowship under Principal Scientific Adviser,https://www.psa.gov.in,"basic_computer, communication_skills, general"
Rural Technology Internship,0.0,55,No,No,No,Internship to build rural IT solutions,https://ruralinternship.gov.in,"basic_computer, communication_skills, general"
PM National Apprenticeship Promotion Scheme,0.0,50,No,No,No,Skill-based apprenticeships with stipend,https://www.apprenticeshipindia.gov.in,"basic_computer, communication_skills, general"
MyGov Cyber Security Internship,0.0,65,Yes,No,No,Government internship in cybersecurity,https://internship.mygov.in,"cyber, ethical_hacking, forensics, hacking, network_security, security"
AICTE Yuva Yatra Program,0.0,40,No,No,No,Leadership & innovation training,https://aicte-india.org,"basic_computer, communication_skills, general"
Women Entrepreneur Loan Scheme,0.0,0,No,Yes,No,Loans for women entrepreneurs,https://mahilaeha.gov.in,"basic_computer, communication_skills, general"
Khelo India Talent Identification,0.0,0,No,No,No,Funding & training for sports talents,https://kheloindia.gov.in,"basic_computer, communication_skills, general"
AI & Robotics Skill Hub (NSDC),0.0,50,No,No,Yes,Robotics/AI certification training,https://nsdcindia.org,"automation, control_systems, embedded, iot, microcontrollers, robotics"
Skill India for Women,0.0,45,No,Yes,No,Free job-oriented training + stipend,https://www.skillindia.gov.in,"basic_computer, communication_skills, general"
Smart India Hackathon,0.0,55,No,No,No,National coding competition + internship opportunities,https://www.sih.gov.in,"ai, data_models, deep_learning, innovation, neural_networks"
Digital Skill Training by NEAT,0.0,40,No,No,No,AI/ML/Cloud/Data Science courses,https://neat.aicte-india.org,"ai, data_models, deep_learning, ml, neural_networks, numpy, pandas, python, scikit_learn"
